<?xml version="1.0" encoding="UTF-8" standalone="yes"?>
<manifest>
  <control namespace="ila" constructor="FrenchPostalCodeValidatorControl" version="0.0.1" display-name-key="ila.FrenchPostalCodeValidatorControl" description-key="French Postal Code validator for PCF" control-type="standard" api-version="1.3.5">
    <property name="postalCodeValue" display-name-key="FrPostalCodeValidatorCntrl_postalCodeValue" description-key="Postal Code Value" of-type="SingleLine.Text" usage="bound" required="true"/>
    <property name="cityNameValue" display-name-key="FrPostalCodeValidatorCntrl_cityNameValue" description-key="City value" of-type="SingleLine.Text" usage="bound"/>
    <resources>
      <code path="bundle.js" order="1"/>
      <img path="img/notValidIcon.png"/>
      <img path="img/validIcon.png"/>
      <css path="css/FrenchPostalCodeControl.css" order="1"/>
    </resources>
    <built-by name="pac" version="1.21.8"/>
  </control>
</manifest>